{
  "cash_usd": 852.0,
  "holdings": {
    "BTC-USD": {
      "qty": 0.013725858278935826,
      "avg_price": 90289.97785164982
    }
  }
}